{
  "feature_names": [
    "ARVI",
    "BSI",
    "GNDVI",
    "MNDWI",
    "MSAVI",
    "NDMI",
    "NDVI",
    "NDWI",
    "OSAVI",
    "SAVI"
  ],
  "mean": [
    0.22852768003940582,
    0.0056623248383402824,
    0.32838958501815796,
    -0.2909393906593323,
    0.4598866105079651,
    0.042840417474508286,
    0.30921924114227295,
    -0.32838958501815796,
    0.3586829900741577,
    0.46381571888923645
  ],
  "std": [
    0.13622558116912842,
    0.08032797276973724,
    0.07764358073472977,
    0.05352862551808357,
    0.12488828599452972,
    0.09287775307893753,
    0.10813254863023758,
    0.07764358073472977,
    0.12540584802627563,
    0.16217383742332458
  ],
  "count_per_feature": [
    2669844,
    2669844,
    2669844,
    2669844,
    2669844,
    2669844,
    2669844,
    2669844,
    2669844,
    2669844
  ]
}