{
  "accuracy": 0.7594152091351345,
  "recall_macro": 0.682971790083685,
  "recall_weighted": 0.7594152091351345,
  "f1_macro": 0.6373898491903093,
  "f1_weighted": 0.7564193925798308,
  "classification_report": {
    "AVH": {
      "precision": 0.5539033457249071,
      "recall": 0.8764705882352941,
      "f1-score": 0.6788154897494305,
      "support": 170.0
    },
    "BDH": {
      "precision": 0.8433813892529489,
      "recall": 0.8130132659507264,
      "f1-score": 0.8279189449983918,
      "support": 1583.0
    },
    "BOR": {
      "precision": 0.6341719077568134,
      "recall": 0.856536101934875,
      "f1-score": 0.7287693234290303,
      "support": 6357.0
    },
    "BTA": {
      "precision": 0.4386317907444668,
      "recall": 0.4823008849557522,
      "f1-score": 0.4594309799789252,
      "support": 452.0
    },
    "BTH": {
      "precision": 0.5952380952380952,
      "recall": 0.7961783439490446,
      "f1-score": 0.6811989100817438,
      "support": 628.0
    },
    "CEE": {
      "precision": 0.5,
      "recall": 0.569620253164557,
      "f1-score": 0.5325443786982249,
      "support": 395.0
    },
    "JAC": {
      "precision": 0.4495814307458143,
      "recall": 0.5120260021668472,
      "f1-score": 0.4787762131496302,
      "support": 4615.0
    },
    "LUZ": {
      "precision": 0.6670129870129871,
      "recall": 0.7078280044101434,
      "f1-score": 0.6868146563252207,
      "support": 1814.0
    },
    "MDI": {
      "precision": 0.5495867768595041,
      "recall": 0.8159509202453987,
      "f1-score": 0.6567901234567901,
      "support": 163.0
    },
    "MLC": {
      "precision": 0.5574324324324325,
      "recall": 0.7300884955752213,
      "f1-score": 0.632183908045977,
      "support": 226.0
    },
    "MLG": {
      "precision": 0.7315436241610739,
      "recall": 0.5141509433962265,
      "f1-score": 0.6038781163434903,
      "support": 424.0
    },
    "MLO": {
      "precision": 0.9274447949526814,
      "recall": 0.9671052631578947,
      "f1-score": 0.9468599033816425,
      "support": 304.0
    },
    "OLI": {
      "precision": 0.4592207792207792,
      "recall": 0.6810477657935285,
      "f1-score": 0.5485572448029786,
      "support": 1298.0
    },
    "ORH": {
      "precision": 0.8654970760233918,
      "recall": 0.8718703976435935,
      "f1-score": 0.8686720469552458,
      "support": 679.0
    },
    "PCH": {
      "precision": 0.8315018315018315,
      "recall": 0.9458333333333333,
      "f1-score": 0.884990253411306,
      "support": 240.0
    },
    "PPH": {
      "precision": 0.5531869078380707,
      "recall": 0.5424408783783784,
      "f1-score": 0.5477611940298508,
      "support": 4736.0
    },
    "PTR": {
      "precision": 0.45454545454545453,
      "recall": 0.2748750567923671,
      "f1-score": 0.34258210645526616,
      "support": 2201.0
    },
    "SAI": {
      "precision": 0.4520255863539446,
      "recall": 0.8379446640316206,
      "f1-score": 0.5872576177285319,
      "support": 253.0
    },
    "SIN": {
      "precision": 0.569620253164557,
      "recall": 0.5056179775280899,
      "f1-score": 0.5357142857142857,
      "support": 89.0
    },
    "SNE": {
      "precision": 0.47080403546316113,
      "recall": 0.2655172413793103,
      "f1-score": 0.33954360048506227,
      "support": 5800.0
    },
    "SOG": {
      "precision": 0.7662721893491125,
      "recall": 0.9151943462897526,
      "f1-score": 0.8341384863123994,
      "support": 283.0
    },
    "SPH": {
      "precision": 0.5583735066023895,
      "recall": 0.7025316455696202,
      "f1-score": 0.6222118416442836,
      "support": 3792.0
    },
    "SPL": {
      "precision": 0.5994729907773386,
      "recall": 0.5992098331870062,
      "f1-score": 0.5993413830954994,
      "support": 2278.0
    },
    "TRU": {
      "precision": 0.41911764705882354,
      "recall": 0.4253731343283582,
      "f1-score": 0.4222222222222222,
      "support": 134.0
    },
    "VRC": {
      "precision": 0.9689676499852099,
      "recall": 0.9218194376934687,
      "f1-score": 0.9448057055954691,
      "support": 39089.0
    },
    "VRG": {
      "precision": 0.5403800475059383,
      "recall": 0.6267217630853994,
      "f1-score": 0.5803571428571429,
      "support": 726.0
    },
    "accuracy": 0.7594152091351345,
    "macro avg": {
      "precision": 0.613727481933528,
      "recall": 0.682971790083685,
      "f1-score": 0.6373898491903093,
      "support": 78729.0
    },
    "weighted avg": {
      "precision": 0.7652368314855763,
      "recall": 0.7594152091351345,
      "f1-score": 0.7564193925798308,
      "support": 78729.0
    }
  },
  "error_analysis": [
    {
      "class_name": "AVH",
      "support": 170,
      "true_positive": 149,
      "false_negative": 21,
      "main_confusion_target": "JAC",
      "main_confusion_count": 5
    },
    {
      "class_name": "BDH",
      "support": 1583,
      "true_positive": 1287,
      "false_negative": 296,
      "main_confusion_target": "BTH",
      "main_confusion_count": 203
    },
    {
      "class_name": "BOR",
      "support": 6357,
      "true_positive": 5445,
      "false_negative": 912,
      "main_confusion_target": "SNE",
      "main_confusion_count": 277
    },
    {
      "class_name": "BTA",
      "support": 452,
      "true_positive": 218,
      "false_negative": 234,
      "main_confusion_target": "BOR",
      "main_confusion_count": 193
    },
    {
      "class_name": "BTH",
      "support": 628,
      "true_positive": 500,
      "false_negative": 128,
      "main_confusion_target": "BDH",
      "main_confusion_count": 88
    },
    {
      "class_name": "CEE",
      "support": 395,
      "true_positive": 225,
      "false_negative": 170,
      "main_confusion_target": "SPL",
      "main_confusion_count": 161
    },
    {
      "class_name": "JAC",
      "support": 4615,
      "true_positive": 2363,
      "false_negative": 2252,
      "main_confusion_target": "SNE",
      "main_confusion_count": 529
    },
    {
      "class_name": "LUZ",
      "support": 1814,
      "true_positive": 1284,
      "false_negative": 530,
      "main_confusion_target": "PPH",
      "main_confusion_count": 151
    },
    {
      "class_name": "MDI",
      "support": 163,
      "true_positive": 133,
      "false_negative": 30,
      "main_confusion_target": "VRC",
      "main_confusion_count": 9
    },
    {
      "class_name": "MLC",
      "support": 226,
      "true_positive": 165,
      "false_negative": 61,
      "main_confusion_target": "JAC",
      "main_confusion_count": 14
    },
    {
      "class_name": "MLG",
      "support": 424,
      "true_positive": 218,
      "false_negative": 206,
      "main_confusion_target": "LUZ",
      "main_confusion_count": 74
    },
    {
      "class_name": "MLO",
      "support": 304,
      "true_positive": 294,
      "false_negative": 10,
      "main_confusion_target": "MDI",
      "main_confusion_count": 5
    },
    {
      "class_name": "OLI",
      "support": 1298,
      "true_positive": 884,
      "false_negative": 414,
      "main_confusion_target": "BOR",
      "main_confusion_count": 117
    },
    {
      "class_name": "ORH",
      "support": 679,
      "true_positive": 592,
      "false_negative": 87,
      "main_confusion_target": "BDH",
      "main_confusion_count": 37
    },
    {
      "class_name": "PCH",
      "support": 240,
      "true_positive": 227,
      "false_negative": 13,
      "main_confusion_target": "BDH",
      "main_confusion_count": 5
    },
    {
      "class_name": "PPH",
      "support": 4736,
      "true_positive": 2569,
      "false_negative": 2167,
      "main_confusion_target": "SPH",
      "main_confusion_count": 675
    },
    {
      "class_name": "PTR",
      "support": 2201,
      "true_positive": 605,
      "false_negative": 1596,
      "main_confusion_target": "PPH",
      "main_confusion_count": 593
    },
    {
      "class_name": "SAI",
      "support": 253,
      "true_positive": 212,