{
  "n_samples": 114814,
  "n_features": 272,
  "n_classes": 47,
  "accuracy": 0.6458215389975177,
  "macro_f1": 0.3421151623204142,
  "weighted_f1": 0.6178320384673672,
  "missing_before_imputation": 0.5107004269821572,
  "missing_after_imputation": 0.0
}